index,title,platform,creator_name,creator_url,source_url,embed_url,thumbnail_url,github_url,categories,source_type,embed_status,publication_status,weight,collected_from,collected_category,collected_at,description,open_url,status,registered_project_id
1,Google Analytics Audience Overview,Looker Studio,Data Studio Team,http://datastudio.google.com/,https://datastudio.google.com/reporting/2a7058e9-eec1-4ec3-a300-ce3b4538ee04/page/tWDGB,,https://datastudio.google.com/reporting/2a7058e9-eec1-4ec3-a300-ce3b4538ee04/thumbnail?sz=w320-h240-p-k-nu,,Marketing Templates,curated,unverified,review,990000,https://datastudio.google.com/gallery?category=marketing,Marketing Templates,2026-08-11T11:14:31,Customize the classic Google Analytics audience overview report.,https://datastudio.google.com/open/2a7058e9-eec1-4ec3-a300-ce3b4538ee04,skipped_embed_access_disabled,
2,Google Analytics Acquisitions Overview,Looker Studio,Data Studio Team,http://datastudio.google.com/,https://datastudio.google.com/reporting/e07ba956-b3ae-4f42-a69f-9a30e4023632/page/nXDGB,,https://datastudio.google.com/reporting/e07ba956-b3ae-4f42-a69f-9a30e4023632/thumbnail?sz=w320-h240-p-k-nu,,Marketing Templates,curated,unverified,review,980000,https://datastudio.google.com/gallery?category=marketing,Marketing Templates,2026-08-11T11:14:45,Quickly see how users came to your website.,https://datastudio.google.com/open/e07ba956-b3ae-4f42-a69f-9a30e4023632,skipped_embed_access_disabled,
3,Google Analytics Behavior Overview,Looker Studio,Data Studio Team,http://datastudio.google.com/,https://datastudio.google.com/reporting/6af699aa-328a-49dd-b507-268fe82ad2a6/page/4VDGB,,https://datastudio.google.com/reporting/6af699aa-328a-49dd-b507-268fe82ad2a6/thumbnail?sz=w320-h240-p-k-nu,,Marketing Templates,curated,unverified,review,970000,https://datastudio.google.com/gallery?category=marketing,Marketing Templates,2026-08-11T11:14:57,View what users are doing on your website.,https://datastudio.google.com/open/6af699aa-328a-49dd-b507-268fe82ad2a6,skipped_embed_access_disabled,
8,User Persona Report,Looker Studio,Guto Martins,https://www.linkedin.com/in/joseaugustomartins/,https://datastudio.google.com/reporting/eb18fd1e-3f26-4076-80ec-6d978d99b284/page/65ES,,https://datastudio.google.com/reporting/eb18fd1e-3f26-4076-80ec-6d978d99b284/thumbnail?sz=w320-h240-p-k-nu,,Community,curated,unverified,review,920000,https://datastudio.google.com/gallery?category=community,Community,2026-08-11T11:16:52,Datastudio makes the process of creating personas simple,https://datastudio.google.com/open/eb18fd1e-3f26-4076-80ec-6d978d99b284,skipped_embed_system_error,
9,Google Analytics Template,Looker Studio,Metricized,https://www.metricized.com/,https://datastudio.google.com/reporting/1d173114-b5e3-4f65-92ca-145dafe2b4c8/page/s8BlB,,https://datastudio.google.com/reporting/1d173114-b5e3-4f65-92ca-145dafe2b4c8/thumbnail?sz=w320-h240-p-k-nu,,Community,curated,unverified,review,910000,https://datastudio.google.com/gallery?category=community,Community,2026-08-11T11:17:05,Make better digital marketing decisions with our Data Studio template for Universal Analytics.,https://datastudio.google.com/open/1d173114-b5e3-4f65-92ca-145dafe2b4c8,skipped_embed_system_error,
11,Simple SEO Report,Looker Studio,Minty Digital,http://mintydigital.com/,https://datastudio.google.com/reporting/065c0dbb-b9ed-44ab-9c85-86160d417139/page/b18R,,https://datastudio.google.com/reporting/065c0dbb-b9ed-44ab-9c85-86160d417139/thumbnail?sz=w320-h240-p-k-nu,,Community,curated,unverified,review,890000,https://datastudio.google.com/gallery?category=community,Community,2026-08-11T11:17:36,"Simple SEO dashboard displaying key metrics, ideal to share with clients.",https://datastudio.google.com/open/065c0dbb-b9ed-44ab-9c85-86160d417139,skipped_embed_access_disabled,
19,Snapchat Ads - Overview Dashboard,Looker Studio,Florent Dal Ben-Salles,https://www.linkedin.com/in/florentdalbensalles/,,,https://datastudio.google.com/reporting/baa65fb3-3d6d-4575-970e-cd2adee2a78e/thumbnail?sz=w320-h240-p-k-nu,,Community,curated,unverified,review,810000,https://datastudio.google.com/gallery?category=community,Community,2026-08-11T11:19:23,"The Snapchat Ads dashboard to analyze your performance on your campaigns, ad groups and ads",https://datastudio.google.com/open/baa65fb3-3d6d-4575-970e-cd2adee2a78e,skipped_missing_report,
20,SEO Client Lead Gen Report,Looker Studio,Tate Lowry,https://ranq.io/,https://datastudio.google.com/reporting/5738135b-83a8-41e4-bc16-fdd6f6f0ce0e/page/VGwLB,,https://datastudio.google.com/reporting/5738135b-83a8-41e4-bc16-fdd6f6f0ce0e/thumbnail?sz=w320-h240-p-k-nu,,Community,curated,unverified,review,800000,https://datastudio.google.com/gallery?category=community,Community,2026-08-11T11:19:29,SEO client dashboard with a focus on lead generation.,https://datastudio.google.com/open/5738135b-83a8-41e4-bc16-fdd6f6f0ce0e,skipped_embed_access_disabled,
21,Client Rollup Account,Looker Studio,Tate Lowry,https://tatelowry.com/,https://datastudio.google.com/reporting/2e348750-a90d-4b95-b510-c13418386c24/page/oiclB,,https://datastudio.google.com/reporting/2e348750-a90d-4b95-b510-c13418386c24/thumbnail?sz=w320-h240-p-k-nu,,Community,curated,unverified,review,790000,https://datastudio.google.com/gallery?category=community,Community,2026-08-11T11:19:41,Internal client roll up dashboard for monitoring campaign performance.,https://datastudio.google.com/open/2e348750-a90d-4b95-b510-c13418386c24,skipped_embed_access_disabled,
27,📌 The Most Minimalist Dashboard,Looker Studio,Louis Dubruel,https://www.linkedin.com/in/louisdubruel/,https://datastudio.google.com/reporting/d81f1637-8ca5-407b-b6d2-076061d24fb0/page/mUOhB,,https://datastudio.google.com/reporting/d81f1637-8ca5-407b-b6d2-076061d24fb0/thumbnail?sz=w320-h240-p-k-nu,,Community,curated,unverified,review,730000,https://datastudio.google.com/gallery?category=community,Community,2026-08-11T11:21:00,All about storytelling ! A minimalist dashboard to get the data in one glance,https://datastudio.google.com/open/d81f1637-8ca5-407b-b6d2-076061d24fb0,skipped_embed_access_disabled,
31,Amaka Sales Report Gallery Example,Looker Studio,Amaka,https://amaka.com/,https://datastudio.google.com/reporting/b7373b36-80af-4932-ab8f-276a1d1a3c1b/page/XABVB,,https://datastudio.google.com/reporting/b7373b36-80af-4932-ab8f-276a1d1a3c1b/thumbnail?sz=w320-h240-p-k-nu,,Community,curated,unverified,review,690000,https://datastudio.google.com/gallery?category=community,Community,2026-08-11T11:21:50,"Amaka Sales Report Gallery Example shows net revenue growth, gross revenue growth, tax report and popularity of the products based on the customer's source data.",https://datastudio.google.com/open/b7373b36-80af-4932-ab8f-276a1d1a3c1b,skipped_embed_access_disabled,
35,Search Discovery Demo Checkout Funnel,Looker Studio,Search Discovery,https://www.searchdiscovery.com/,https://datastudio.google.com/reporting/1Oh55yjBMEsYY8wDeQxRz7cpsFQZf8Rzb/page/3NgSB,,https://datastudio.google.com/reporting/1Oh55yjBMEsYY8wDeQxRz7cpsFQZf8Rzb/thumbnail?sz=w320-h240-p-k-nu,,Community,curated,unverified,review,650000,https://datastudio.google.com/gallery?category=community,Community,2026-08-11T11:22:39,This report is a step by step template on how to create a shopping stage funnel visualization.,https://datastudio.google.com/open/1Oh55yjBMEsYY8wDeQxRz7cpsFQZf8Rzb,skipped_embed_access_disabled,
36,📌 Your average User's Journey,Looker Studio,Search Foresight,https://www.linkedin.com/company/search-foresight/,https://datastudio.google.com/reporting/65f24b94-33b1-4c43-8316-9fe6157baf41/page/QzYj,,https://datastudio.google.com/reporting/65f24b94-33b1-4c43-8316-9fe6157baf41/thumbnail?sz=w320-h240-p-k-nu,,Community,curated,unverified,review,640000,https://datastudio.google.com/gallery?category=community,Community,2026-08-11T11:22:51,Analyze the user's journey of your website from queries to checkout,https://datastudio.google.com/open/65f24b94-33b1-4c43-8316-9fe6157baf41,skipped_embed_system_error,
38,All-in-one Quarterly Revenue Template,Looker Studio,My Digital Lab,https://www.mydigitalab.com/?utm_source=gds_library&utm_medium=template&utm_campaign=gds_demo_v4,https://datastudio.google.com/reporting/68a76d1c-9698-4860-9f3a-c2595cbfe788/page/3rT0B,,https://datastudio.google.com/reporting/68a76d1c-9698-4860-9f3a-c2595cbfe788/thumbnail?sz=w320-h240-p-k-nu,,Community,curated,unverified,review,620000,https://datastudio.google.com/gallery?category=community,Community,2026-08-11T11:23:15,Gain a holistic view of your quarterly revenue performance.,https://datastudio.google.com/open/68a76d1c-9698-4860-9f3a-c2595cbfe788,skipped_embed_system_error,
39,Display and Video 360 Inventory Report,Looker Studio,Lachezar Arabadzhiev,https://datastudio.ca/about-lachezar-arabadzhiev/,https://datastudio.google.com/reporting/af0147ee-d887-4fd5-991d-66f0877fd808/page/LleOB,,https://datastudio.google.com/reporting/af0147ee-d887-4fd5-991d-66f0877fd808/thumbnail?sz=w320-h240-p-k-nu,,Community,curated,unverified,review,610000,https://datastudio.google.com/gallery?category=community,Community,2026-08-11T11:23:28,An overview report for Display and Video 360 which monitors inventory spend and media performance.,https://datastudio.google.com/open/af0147ee-d887-4fd5-991d-66f0877fd808,skipped_embed_access_disabled,
40,📌 Mobile Friendly Scoreboard,Looker Studio,Search Foresight,https://www.linkedin.com/company/search-foresight/,https://datastudio.google.com/reporting/796ffb4f-3fe5-4f21-87bd-3dac6fdd1cfc/page/QzYj,,https://datastudio.google.com/reporting/796ffb4f-3fe5-4f21-87bd-3dac6fdd1cfc/thumbnail?sz=w320-h240-p-k-nu,,Community,curated,unverified,review,600000,https://datastudio.google.com/gallery?category=community,Community,2026-08-11T11:23:40,A lightweight mobile friendly scoreboard for everyday check,https://datastudio.google.com/open/796ffb4f-3fe5-4f21-87bd-3dac6fdd1cfc,skipped_embed_system_error,
41,Digital Analytics for eCommerce,Looker Studio,Kjetil Grøsland,http://www.kjetilgrosland.com/,https://datastudio.google.com/reporting/6b94e111-7a3e-4ee5-935f-b3db84b95f45/page/NaN1,,https://datastudio.google.com/reporting/6b94e111-7a3e-4ee5-935f-b3db84b95f45/thumbnail?sz=w320-h240-p-k-nu,,Community,curated,unverified,review,590000,https://datastudio.google.com/gallery?category=community,Community,2026-08-11T11:23:52,"Beautiful rich dashboard built for deep analysis through interactivity, with the starting point of a 12 month (rolling) overview of most important eCommerce metrics.",https://datastudio.google.com/open/6b94e111-7a3e-4ee5-935f-b3db84b95f45,skipped_embed_access_disabled,
43,CatchOn Report Template,Looker Studio,CatchOn Inc.,https://www.catchon.com/,,,https://datastudio.google.com/reporting/1BPx2T6LEoBHSPJNuJOJF-sgL4LD36_b2/thumbnail?sz=w320-h240-p-k-nu,,Community,curated,unverified,review,570000,https://datastudio.google.com/gallery?category=community,Community,2026-08-11T11:24:16,Use this template for a quick weekly view of your app usage for your district and campuses.,https://datastudio.google.com/open/1BPx2T6LEoBHSPJNuJOJF-sgL4LD36_b2,skipped_missing_report,
44,Google Analytics: Goals Report,Looker Studio,DataSasi,https://datasasi.com/,https://datastudio.google.com/reporting/cbb62770-7e7a-487d-be15-9c76b069fe17/page/xrO6,,https://datastudio.google.com/reporting/cbb62770-7e7a-487d-be15-9c76b069fe17/thumbnail?sz=w320-h240-p-k-nu,,Community,curated,unverified,review,560000,https://datastudio.google.com/gallery?category=community,Community,2026-08-11T11:24:21,Goals Dashboard from Google Analytics,https://datastudio.google.com/open/cbb62770-7e7a-487d-be15-9c76b069fe17,skipped_embed_system_error,
46,Google Analytics Report,Looker Studio,Jonathan Jones,https://www.mrjonathanjones.com/2019/12/17/google-analytics-data-studio-template-report/,https://datastudio.google.com/reporting/9948e225-6617-4e69-9b07-07e5e708fb03/page/L1Q,,https://datastudio.google.com/reporting/9948e225-6617-4e69-9b07-07e5e708fb03/thumbnail?sz=w320-h240-p-k-nu,,Community,curated,unverified,review,540000,https://datastudio.google.com/gallery?category=community,Community,2026-08-11T11:24:47,This report uses the Google Analytics native connector to give people an easy report on viewing performance for their website.,https://datastudio.google.com/open/9948e225-6617-4e69-9b07-07e5e708fb03,skipped_embed_access_disabled,
49,Paid Channel Mix Overview Template by Supermetrics,Looker Studio,Supermetrics,https://supermetrics.com/,https://datastudio.google.com/reporting/0BzjchXrR5ZQcemRjN1BoQWN3MWs/page/PcXTB,,https://datastudio.google.com/reporting/0BzjchXrR5ZQcemRjN1BoQWN3MWs/thumbnail?sz=w320-h240-p-k-nu,,Community,curated,unverified,review,510000,https://datastudio.google.com/gallery?category=community,Community,2026-08-11T11:25:25,"See how your paid campaigns perform across Google Ads, Bing Ads, Facebook Ads, Twitter Ads and LinkedIn Ads",https://datastudio.google.com/open/0BzjchXrR5ZQcemRjN1BoQWN3MWs,skipped_embed_access_disabled,
51,The 10 Most Frequent Words in 'Info We Trust',Looker Studio,Marc Soares,http://www.marcsoares.ca/,https://datastudio.google.com/reporting/1uh6jod8tDwVdqMwVxO18HTuAayPEFfzj/page/GQCn,,https://datastudio.google.com/reporting/1uh6jod8tDwVdqMwVxO18HTuAayPEFfzj/thumbnail?sz=w320-h240-p-k-nu,,Community,curated,unverified,review,490000,https://datastudio.google.com/gallery?category=community,Community,2026-08-11T11:25:55,Visualizing the most frequent words used in the book 'Info We Trust' by R.J. Andrews.,https://datastudio.google.com/open/1uh6jod8tDwVdqMwVxO18HTuAayPEFfzj,skipped_embed_access_disabled,
52,The Toronto Raptors' Road to the Championship,Looker Studio,Marc Soares,http://www.marcsoares.ca/,https://datastudio.google.com/reporting/1FKGqrQjKk3KC5NEGJiDM1LXIPNcZExuM/page/SPrq,,https://datastudio.google.com/reporting/1FKGqrQjKk3KC5NEGJiDM1LXIPNcZExuM/thumbnail?sz=w320-h240-p-k-nu,,Community,curated,unverified,review,480000,https://datastudio.google.com/gallery?category=community,Community,2026-08-11T11:26:07,Visualizing the Toronto Raptors playoff run to the 2019 NBA Championship.,https://datastudio.google.com/open/1FKGqrQjKk3KC5NEGJiDM1LXIPNcZExuM,skipped_embed_access_disabled,
57,Where is the International Space Station?,Looker Studio,ClickInsight,http://www.clickinsight.ca/,,,https://datastudio.google.com/reporting/1rOv10SKYQ4bjqPjY8cACLvr0kBlPUaCT/thumbnail?sz=w320-h240-p-k-nu,,Community,curated,unverified,review,430000,https://datastudio.google.com/gallery?category=community,Community,2026-08-11T11:27:28,Viewing the real-time position of the International Space Station.,https://datastudio.google.com/open/1rOv10SKYQ4bjqPjY8cACLvr0kBlPUaCT,skipped_missing_report,
58,"Star Wars API: Data from a galaxy far, far away",Looker Studio,ClickInsight,http://www.clickinsight.ca/,,,https://datastudio.google.com/reporting/1QXy-dp4EHsVDljoAeb7BE3PxW9MOPSLw/thumbnail?sz=w320-h240-p-k-nu,,Community,curated,unverified,review,420000,https://datastudio.google.com/gallery?category=community,Community,2026-08-11T11:27:34,"Visualizing the planets, starships, and characters of the Star Wars universe.",https://datastudio.google.com/open/1QXy-dp4EHsVDljoAeb7BE3PxW9MOPSLw,skipped_missing_report,
59,Google Analytics Starter Audit,Looker Studio,ClickInsight,http://www.clickinsight.ca/,,,https://datastudio.google.com/reporting/1a65V9spG0V_MDzQbZjKmkjaAvnE_Yw_n/thumbnail?sz=w320-h240-p-k-nu,,Community,curated,unverified,review,410000,https://datastudio.google.com/gallery?category=community,Community,2026-08-11T11:27:40,Use this report to audit your Google Analytics data for common issues.,https://datastudio.google.com/open/1a65V9spG0V_MDzQbZjKmkjaAvnE_Yw_n,skipped_missing_report,
60,Google Analytics Starter Dashboard Template,Looker Studio,ClickInsight,http://www.clickinsight.ca/,,,https://datastudio.google.com/reporting/1f760j65YO9YMs5y-DAmu-1XCU_bZyD85/thumbnail?sz=w320-h240-p-k-nu,,Community,curated,unverified,review,400000,https://datastudio.google.com/gallery?category=community,Community,2026-08-11T11:27:45,A dashboard template for viewing Google Analytics data.,https://datastudio.google.com/open/1f760j65YO9YMs5y-DAmu-1XCU_bZyD85,skipped_missing_report,
61,Rio 2016 Summer Olympics,Looker Studio,ClickInsight,http://www.clickinsight.ca/,,,https://datastudio.google.com/reporting/0ByFLn8uIUCsJVVVaUTRWbk5HWmM/thumbnail?sz=w320-h240-p-k-nu,,Community,curated,unverified,review,390000,https://datastudio.google.com/gallery?category=community,Community,2026-08-11T11:27:51,Medal results from the 2016 Summer Olympics broken down by sport and country.,https://datastudio.google.com/open/0ByFLn8uIUCsJVVVaUTRWbk5HWmM,skipped_missing_report,
63,Steph Curry's Popcorn Rankings,Looker Studio,ClickInsight,http://www.clickinsight.ca/,,,https://datastudio.google.com/reporting/233fa9b2-891f-455e-955d-8703cfa6c736/thumbnail?sz=w320-h240-p-k-nu,,Community,curated,unverified,review,370000,https://datastudio.google.com/gallery?category=community,Community,2026-08-11T11:28:11,Using radar charts to visualize Steph Curry's ratings of popcorn at every NBA arena.,https://datastudio.google.com/open/233fa9b2-891f-455e-955d-8703cfa6c736,skipped_missing_report,
64,My Email Habits,Looker Studio,Email Meter,https://emailmeter.com/,https://datastudio.google.com/reporting/1-b3ckzPZwOHlw2Gd0zZmjOfCy73d6fKL/page/K7J3,,https://datastudio.google.com/reporting/1-b3ckzPZwOHlw2Gd0zZmjOfCy73d6fKL/thumbnail?sz=w320-h240-p-k-nu,,Community,curated,unverified,review,360000,https://datastudio.google.com/gallery?category=community,Community,2026-08-11T11:28:16,"An infographic about using Gmail data to get insights on productivity, trends, workload and self email management.",https://datastudio.google.com/open/1-b3ckzPZwOHlw2Gd0zZmjOfCy73d6fKL,skipped_embed_system_error,
66,Google Analytics Demographics,Looker Studio,Christian Bonner,https://www.linkedin.com/in/bonnermx/,https://datastudio.google.com/reporting/1g6vuDMbkgPBRBskPEgaKxxG2seDym_JZ/page/CSJ0,,https://datastudio.google.com/reporting/1g6vuDMbkgPBRBskPEgaKxxG2seDym_JZ/thumbnail?sz=w320-h240-p-k-nu,,Community,curated,unverified,review,340000,https://datastudio.google.com/gallery?category=community,Community,2026-08-11T11:28:42,Website visitor demographics,https://datastudio.google.com/open/1g6vuDMbkgPBRBskPEgaKxxG2seDym_JZ,skipped_embed_access_disabled,
67,Google Analytics Month-Over-Month Reporting,Looker Studio,Mike Goracke,https://mikegoracke.com/,https://datastudio.google.com/reporting/0Bx4C5aFm3RdKQ0hrekVncUJmYTQ/page/4YfH,,https://datastudio.google.com/reporting/0Bx4C5aFm3RdKQ0hrekVncUJmYTQ/thumbnail?sz=w320-h240-p-k-nu,,Community,curated,unverified,review,330000,https://datastudio.google.com/gallery?category=community,Community,2026-08-11T11:28:54,Easily review your website performance month-over-month,https://datastudio.google.com/open/0Bx4C5aFm3RdKQ0hrekVncUJmYTQ,skipped_embed_system_error,
68,Petroleum World Stadistics,Looker Studio,Leonardo Garay Quintero,https://www.linkedin.com/in/lgarayq,https://datastudio.google.com/reporting/1JjVdbUZfrXwFgCYUVU6WG2x31JjLdsM6/page/5C5Y,,https://datastudio.google.com/reporting/1JjVdbUZfrXwFgCYUVU6WG2x31JjLdsM6/thumbnail?sz=w320-h240-p-k-nu,,Community,curated,unverified,review,320000,https://datastudio.google.com/gallery?category=community,Community,2026-08-11T11:29:07,"Preliminary information about Average Year Oil Price by Reference (USD per Barrel), avergage year production and reserves in Oil/ BBL by country",https://datastudio.google.com/open/1JjVdbUZfrXwFgCYUVU6WG2x31JjLdsM6,skipped_embed_access_disabled,
70,Enhanced Ecommerce Dashboard,Looker Studio,Roneet Michael,https://in.linkedin.com/in/roneetm,https://datastudio.google.com/reporting/1PmKA057MCoLm33YePPCUY6Y0sAhJv8cy/page/yIHs,,https://datastudio.google.com/reporting/1PmKA057MCoLm33YePPCUY6Y0sAhJv8cy/thumbnail?sz=w320-h240-p-k-nu,,Community,curated,unverified,review,300000,https://datastudio.google.com/gallery?category=community,Community,2026-08-11T11:29:32,"Ecommerce sales dashboard to analyse the sales from different sources such as, devices, sources, location etc to understand the audience behavior.",https://datastudio.google.com/open/1PmKA057MCoLm33YePPCUY6Y0sAhJv8cy,skipped_embed_system_error,
72,Landing Page Campaign and Keyword Breakdown,Looker Studio,Direct Online Marketing,http://directom.com/,https://datastudio.google.com/reporting/1k0wICBHF2cdaCc7AGZCvwyBs6tm7PUcE/page/8eij,,https://datastudio.google.com/reporting/1k0wICBHF2cdaCc7AGZCvwyBs6tm7PUcE/thumbnail?sz=w320-h240-p-k-nu,,Community,curated,unverified,review,280000,https://datastudio.google.com/gallery?category=community,Community,2026-08-11T11:29:58,"Dive into your Google Ads performance by landing page, campaign, and keyword",https://datastudio.google.com/open/1k0wICBHF2cdaCc7AGZCvwyBs6tm7PUcE,skipped_embed_system_error,
73,Google Analytics - Audience - Best view on cell phone - TecDiSol.com-DS-0001 - Inpired by Datasaurus,Looker Studio,TecDiSol.com,https://www.tecdisol.com/,https://datastudio.google.com/reporting/1dngkoZbI54KOEDFB-W5vWPgN5qAN8_-Q/page/q7E,,https://datastudio.google.com/reporting/1dngkoZbI54KOEDFB-W5vWPgN5qAN8_-Q/thumbnail?sz=w320-h240-p-k-nu,,Community,curated,unverified,review,270000,https://datastudio.google.com/gallery?category=community,Community,2026-08-11T11:30:11,A Simple Google Anaytics - only Audience data. Best view on cell phone,https://datastudio.google.com/open/1dngkoZbI54KOEDFB-W5vWPgN5qAN8_-Q,skipped_embed_system_error,
74,Website Analytics Sandbox (light),Looker Studio,ROInsights,http://www.roinsights.com/,https://datastudio.google.com/reporting/1QvyAsDF6tICxuE-JsHJTMnvuTAxP6Psx/page/bM6j,,https://datastudio.google.com/reporting/1QvyAsDF6tICxuE-JsHJTMnvuTAxP6Psx/thumbnail?sz=w320-h240-p-k-nu,,Community,curated,unverified,review,260000,https://datastudio.google.com/gallery?category=community,Community,2026-08-11T11:30:23,"Focus on primary KPIs, spot and predict trends, apply filters, and explore!",https://datastudio.google.com/open/1QvyAsDF6tICxuE-JsHJTMnvuTAxP6Psx,skipped_embed_system_error,
78,Export Google Search Console Data by Day/Date,Looker Studio,Jonathan Jones,https://www.mrjonathanjones.com/2018/12/20/google-data-studio-alternative-report-to-google-search-console/,https://datastudio.google.com/reporting/1UES2hUhZdoNzqvn_LvjnwkFc42iya_xM/page/lCwd,,https://datastudio.google.com/reporting/1UES2hUhZdoNzqvn_LvjnwkFc42iya_xM/thumbnail?sz=w320-h240-p-k-nu,,Community,curated,unverified,review,220000,https://datastudio.google.com/gallery?category=community,Community,2026-08-11T11:31:16,"The report allows you to view key metrics in Google Search Console, whilst allowing you to export data by day - a feature that has not been built for the new version of Google Search Console.",https://datastudio.google.com/open/1UES2hUhZdoNzqvn_LvjnwkFc42iya_xM,skipped_embed_access_disabled,
79,I Want to Believe,Looker Studio,Tessellation Consulting,http://www.tessellationtech.io/,,,https://datastudio.google.com/reporting/1HWH0xFoTRvMi8JonyeeqnOct9wua26j-/thumbnail?sz=w320-h240-p-k-nu,,Community,curated,unverified,review,210000,https://datastudio.google.com/gallery?category=community,Community,2026-08-11T11:31:28,An analysis of UFO sightings in the United States,https://datastudio.google.com/open/1HWH0xFoTRvMi8JonyeeqnOct9wua26j-,skipped_missing_report,
80,Simple Google Analytics Overview,Looker Studio,Rene van Loock,https://marketingstratege.net/,https://datastudio.google.com/reporting/1601LqzG7S6QPRfKklWVHCM9hpQk95hXh/page/9gCf,,https://datastudio.google.com/reporting/1601LqzG7S6QPRfKklWVHCM9hpQk95hXh/thumbnail?sz=w320-h240-p-k-nu,,Community,curated,unverified,review,200000,https://datastudio.google.com/gallery?category=community,Community,2026-08-11T11:31:34,Get an excellent view of the most important Google Analytics Data.,https://datastudio.google.com/open/1601LqzG7S6QPRfKklWVHCM9hpQk95hXh,skipped_embed_system_error,
82,Pumpkin Spice Economy by Starbucks,Looker Studio,Hexe Data,https://hexedata.com/,https://datastudio.google.com/reporting/19LAzcEIMFNVpPPL7AweypRanC8fjWqTR/page/pIpZ,,https://datastudio.google.com/reporting/19LAzcEIMFNVpPPL7AweypRanC8fjWqTR/thumbnail?sz=w320-h240-p-k-nu,,Community,curated,unverified,review,180000,https://datastudio.google.com/gallery?category=community,Community,2026-08-11T11:32:00,How Pumpkin Spice Lattes fueled $500 million craze?,https://datastudio.google.com/open/19LAzcEIMFNVpPPL7AweypRanC8fjWqTR,skipped_embed_access_disabled,
84,Japanese Web report by rakuana 日本語Webレポート【ラクアナ】,Looker Studio,rakuana/ラクアナ,https://www.facebook.com/rakuana/,https://datastudio.google.com/reporting/1xeTZXSo_lot2wp1cmqo7QcAp6fG3vLp7/page/8yZT,,https://datastudio.google.com/reporting/1xeTZXSo_lot2wp1cmqo7QcAp6fG3vLp7/thumbnail?sz=w320-h240-p-k-nu,,Community,curated,unverified,review,160000,https://datastudio.google.com/gallery?category=community,Community,2026-08-11T11:32:25,"Japanese basic site report by ""rakuana"" 実験メディア「ラクアナ」の日本語WEBレポートです。",https://datastudio.google.com/open/1xeTZXSo_lot2wp1cmqo7QcAp6fG3vLp7,skipped_embed_access_disabled,
86,Acquisition Trend Spotter,Looker Studio,Joshua Cottrell-Schloemer,https://www.linkedin.com/in/joshcottrell/,https://datastudio.google.com/reporting/1apr57Vpe3Jjj10QhJ2YS_QCpwYWkd93C/page/UrhH,,https://datastudio.google.com/reporting/1apr57Vpe3Jjj10QhJ2YS_QCpwYWkd93C/thumbnail?sz=w320-h240-p-k-nu,,Community,curated,unverified,review,140000,https://datastudio.google.com/gallery?category=community,Community,2026-08-11T11:32:51,"A tool to easily spot and verify trends in a site's acquisition, behavior and conversions.",https://datastudio.google.com/open/1apr57Vpe3Jjj10QhJ2YS_QCpwYWkd93C,skipped_embed_system_error,
89,Google Analytics for Copywriters & Content Strategists,Looker Studio,WebAnalyticsSetup.com,https://webanalyticssetup.com/,https://datastudio.google.com/reporting/16UdnIMghaagyiM8sRi9ruopcHBnWcaia/page/L1Q,,https://datastudio.google.com/reporting/16UdnIMghaagyiM8sRi9ruopcHBnWcaia/thumbnail?sz=w320-h240-p-k-nu,,Community,curated,unverified,review,110000,https://datastudio.google.com/gallery?category=community,Community,2026-08-11T11:33:28,"Web content performance – landing pages, sources, events and audience. Overview + details + filters.",https://datastudio.google.com/open/16UdnIMghaagyiM8sRi9ruopcHBnWcaia,skipped_embed_access_disabled,
92,Goal Competions by Channel,Looker Studio,CALLOSUM INC.,https://callosum.co.jp/,https://datastudio.google.com/reporting/1k9lrnI0FG4_dMKHk2i_E3exzK67EJnRw/page/Iw7P,,https://datastudio.google.com/reporting/1k9lrnI0FG4_dMKHk2i_E3exzK67EJnRw/thumbnail?sz=w320-h240-p-k-nu,,Community,curated,unverified,review,80000,https://datastudio.google.com/gallery?category=community,Community,2026-08-11T11:34:07,Multiple windows for monitoring all channels,https://datastudio.google.com/open/1k9lrnI0FG4_dMKHk2i_E3exzK67EJnRw,skipped_embed_access_disabled,
93,Chrome Device Auto Update Expiration,Looker Studio,Amplified Labs,https://labs.amplifiedit.com/,https://datastudio.google.com/reporting/1EhVByJHuiQV1WMlUcKtWu_wELQgZapVY/page/FE4P,,https://datastudio.google.com/reporting/1EhVByJHuiQV1WMlUcKtWu_wELQgZapVY/thumbnail?sz=w320-h240-p-k-nu,,Community,curated,unverified,review,70000,https://datastudio.google.com/gallery?category=community,Community,2026-08-11T11:34:19,Connect to the Chrome Gopher Add-on for Sheets to build your own Chromebook reporting dashboards. Requires the Chrome Gopher Add-on for Google Sheets. https://labs.amplifiedit.com/chrome-gopher.,https://datastudio.google.com/open/1EhVByJHuiQV1WMlUcKtWu_wELQgZapVY,skipped_embed_access_disabled,
95,"US Unemployment Rates by Age, Gender and Race / Ethnicity",Looker Studio,Daniel Waisberg,https://online-behavior.com/author/daniel-waisberg,https://datastudio.google.com/reporting/0B-rCydtEraEOeG5fcUl4bGxiTjQ/page/dnO,,https://datastudio.google.com/reporting/0B-rCydtEraEOeG5fcUl4bGxiTjQ/thumbnail?sz=w320-h240-p-k-nu,,Community,curated,unverified,review,50000,https://datastudio.google.com/gallery?category=community,Community,2026-08-11T11:34:43,"This visualization uses data from the US Bureau of Labor Statistics to show trends in US Unemployment Rates segmented by Age, Gender and Race / Ethnicity.",https://datastudio.google.com/open/0B-rCydtEraEOeG5fcUl4bGxiTjQ,skipped_embed_access_disabled,
98,"Audience, Acquisition, Behaviour, Conversion (AABC) Report",Looker Studio,Data Runs Deep,http://www.datarunsdeep.com.au/,https://datastudio.google.com/reporting/1lK4qQV1orRoyd1s_mYeNt-Mbye4f40YT/page/sfjO,,https://datastudio.google.com/reporting/1lK4qQV1orRoyd1s_mYeNt-Mbye4f40YT/thumbnail?sz=w320-h240-p-k-nu,,Community,curated,unverified,review,20000,https://datastudio.google.com/gallery?category=community,Community,2026-08-11T11:35:20,"View Audience, Acquisition, Behaviour & Conversions in one simple report.",https://datastudio.google.com/open/1lK4qQV1orRoyd1s_mYeNt-Mbye4f40YT,skipped_embed_access_disabled,
99,Web Analytics Dashboard,Looker Studio,DigitalSasi,http://digitalsasi.com/,https://datastudio.google.com/reporting/1_TRiGmfJrdR5jdSoX9vV1brQu_THXNae/page/7xDO,,https://datastudio.google.com/reporting/1_TRiGmfJrdR5jdSoX9vV1brQu_THXNae/thumbnail?sz=w320-h240-p-k-nu,,Community,curated,unverified,review,10000,https://datastudio.google.com/gallery?category=community,Community,2026-08-11T11:35:32,"Web Analytics dashboard to visualize Google Analytics (including Goals, Events), Google Adwords and Search Console.",https://datastudio.google.com/open/1_TRiGmfJrdR5jdSoX9vV1brQu_THXNae,skipped_embed_system_error,
101,HR Dashboard,Looker Studio,OrgWeaver,https://orgweaver.com/,,,https://datastudio.google.com/reporting/1tNpU4y3cTdDlOij63gSB9XpxVpZ0NdjD/thumbnail?sz=w320-h240-p-k-nu,,Community,curated,unverified,review,0,https://datastudio.google.com/gallery?category=community,Community,2026-08-11T11:35:58,Analyze ways to improve an organization design with this HR Dashboard created using OrgWeaver org chart data.,https://datastudio.google.com/open/1tNpU4y3cTdDlOij63gSB9XpxVpZ0NdjD,skipped_missing_report,
102,Informe de Control para ONG | Market Inclusion,Looker Studio,Market Inclusion,https://www.marketinclusion.com/,https://datastudio.google.com/reporting/19sKGAU44X6fZ4uP4g83k53RXNhgjA4kP/page/uwyN,,https://datastudio.google.com/reporting/19sKGAU44X6fZ4uP4g83k53RXNhgjA4kP/thumbnail?sz=w320-h240-p-k-nu,,Community,curated,unverified,review,0,https://datastudio.google.com/gallery?category=community,Community,2026-08-11T11:36:04,Encontrarás toda la información referente al estado de las campañas publicitarias a través de Google AdWords y del comportamiento del usuario en las páginas de destino de tu ONG gracias a Google Analytics.,https://datastudio.google.com/open/19sKGAU44X6fZ4uP4g83k53RXNhgjA4kP,skipped_embed_access_disabled,
103,Google Analytics Web Performance,Looker Studio,Zima Media,https://zimamedia.com/,https://datastudio.google.com/reporting/0B5p5YUm0x8Hgck5QTWE0QWRodTg/page/RZDI,,https://datastudio.google.com/reporting/0B5p5YUm0x8Hgck5QTWE0QWRodTg/thumbnail?sz=w320-h240-p-k-nu,,Community,curated,unverified,review,0,https://datastudio.google.com/gallery?category=community,Community,2026-08-11T11:36:16,This report displays simple metrics about website performance,https://datastudio.google.com/open/0B5p5YUm0x8Hgck5QTWE0QWRodTg,skipped_embed_system_error,
110,Congressional Healthcare Benefits,Looker Studio,Exoterik Media,http://www.exoterikmedia.com/,https://datastudio.google.com/reporting/1rc3X7cOrDkndJS3ZAS2b2BM0iMvHX77l/page/ZOY6,,https://datastudio.google.com/reporting/1rc3X7cOrDkndJS3ZAS2b2BM0iMvHX77l/thumbnail?sz=w320-h240-p-k-nu,,Community,curated,unverified,review,0,https://datastudio.google.com/gallery?category=community,Community,2026-08-11T11:37:46,Learn what healthcare benefits US Federal employees have,https://datastudio.google.com/open/1rc3X7cOrDkndJS3ZAS2b2BM0iMvHX77l,skipped_embed_access_disabled,
111,Soccer Analytics Report for European Leagues,Looker Studio,iddaakolik.com,http://www.iddaakolik.com/,https://datastudio.google.com/reporting/0B-DXZSNJUZEaWWdqcDZrYWNDZjQ/page/hqcH,,https://datastudio.google.com/reporting/0B-DXZSNJUZEaWWdqcDZrYWNDZjQ/thumbnail?sz=w320-h240-p-k-nu,,Community,curated,unverified,review,0,https://datastudio.google.com/gallery?category=community,Community,2026-08-11T11:37:58,Analyze betting odds across European Soccer League teams,https://datastudio.google.com/open/0B-DXZSNJUZEaWWdqcDZrYWNDZjQ,skipped_embed_system_error,
112,Digital marketing plan overview,Looker Studio,Matteo Sorba,https://calibra.co/,https://datastudio.google.com/reporting/0B2UPWABnojbNeVJLSWJCRjd3TW8/page/1M,,https://datastudio.google.com/reporting/0B2UPWABnojbNeVJLSWJCRjd3TW8/thumbnail?sz=w320-h240-p-k-nu,,Community,curated,unverified,review,0,https://datastudio.google.com/gallery?category=community,Community,2026-08-11T11:38:10,A high level overview of Google Analytics data,https://datastudio.google.com/open/0B2UPWABnojbNeVJLSWJCRjd3TW8,skipped_embed_system_error,
113,Your Main Simple Dashboard,Looker Studio,IT Tech BuZ,http://ittechbuz.com/,https://datastudio.google.com/reporting/0B6kVJH4fgWj8OVF6LUhBVUVwU0k/page/E93C,,https://datastudio.google.com/reporting/0B6kVJH4fgWj8OVF6LUhBVUVwU0k/thumbnail?sz=w320-h240-p-k-nu,,Community,curated,unverified,review,0,https://datastudio.google.com/gallery?category=community,Community,2026-08-11T11:38:22,Quickly see your Google Analytics data using the GA data control,https://datastudio.google.com/open/0B6kVJH4fgWj8OVF6LUhBVUVwU0k,skipped_embed_access_disabled,
115,Digital Economy and Society in Europe & Turkey,Looker Studio,SEM,http://www.semtr.com/,https://datastudio.google.com/reporting/0B1gVdNP94twYam1JVWwzN3hMZDA/page/pBnC,,https://datastudio.google.com/reporting/0B1gVdNP94twYam1JVWwzN3hMZDA/thumbnail?sz=w320-h240-p-k-nu,,Community,curated,unverified,review,0,https://datastudio.google.com/gallery?category=community,Community,2026-08-11T11:38:46,Information and communications technology usage in Europe and Turkey,https://datastudio.google.com/open/0B1gVdNP94twYam1JVWwzN3hMZDA,skipped_embed_access_disabled,
116,Super Bowl Commercial Viewer Statistics,Looker Studio,Adlava,https://adlava.com/,,,https://datastudio.google.com/reporting/0BxQlVGbUWb7tMTVEalJ2dG1Oc28/thumbnail?sz=w320-h240-p-k-nu,,Community,curated,unverified,review,0,https://datastudio.google.com/gallery?category=community,Community,2026-08-11T11:38:58,Explore statistics of users viewing US Super Bowls,https://datastudio.google.com/open/0BxQlVGbUWb7tMTVEalJ2dG1Oc28,skipped_missing_report,
117,eCommerce Speed,Looker Studio,Canonicalized,https://canonicalized.com/,https://datastudio.google.com/reporting/0B-7yurpNRXouUzNibGNsYlBzT2s/page/kKrB,,https://datastudio.google.com/reporting/0B-7yurpNRXouUzNibGNsYlBzT2s/thumbnail?sz=w320-h240-p-k-nu,,Community,curated,unverified,review,0,https://datastudio.google.com/gallery?category=community,Community,2026-08-11T11:39:04,Compare the impact of site performance to site revenue,https://datastudio.google.com/open/0B-7yurpNRXouUzNibGNsYlBzT2s,skipped_embed_access_disabled,
118,Report on travelers visiting the Canary Islands.,Looker Studio,David Israel Rivas Vergara,http://www.davidrivasv.com/,https://datastudio.google.com/reporting/0B8rIzjUv8i35SjkxWnFmdkNhdE0/page/sYTB,,https://datastudio.google.com/reporting/0B8rIzjUv8i35SjkxWnFmdkNhdE0/thumbnail?sz=w320-h240-p-k-nu,,Community,curated,unverified,review,0,https://datastudio.google.com/gallery?category=community,Community,2026-08-11T11:39:16,Tourist data for the Canary Islands from Germany and UK,https://datastudio.google.com/open/0B8rIzjUv8i35SjkxWnFmdkNhdE0,skipped_embed_access_disabled,
119,Basic Google AdWords Dashboard,Looker Studio,Christian Penseler,http://www.christian-penseler.de/,https://datastudio.google.com/reporting/0BzxVL_5BUjZhWm93VHJFZHl3NGs/page/B2GB,,https://datastudio.google.com/reporting/0BzxVL_5BUjZhWm93VHJFZHl3NGs/thumbnail?sz=w320-h240-p-k-nu,,Community,curated,unverified,review,0,https://datastudio.google.com/gallery?category=community,Community,2026-08-11T11:39:27,A nice dashboard highlighting top AdWords metrics,https://datastudio.google.com/open/0BzxVL_5BUjZhWm93VHJFZHl3NGs,skipped_embed_access_disabled,
1,Venn Diagram,Looker Studio,First,https://firstdigital.co.nz/,https://datastudio.google.com/reporting/bbded460-eeaf-46c3-ab9b-db862b1034fc/page/lLgbB,,https://datastudio.google.com/reporting/bbded460-eeaf-46c3-ab9b-db862b1034fc/thumbnail?sz=w320-h240-p-k-nu,,Community Visualizations,curated,unverified,review,990000,https://datastudio.google.com/gallery?category=visualization,Community Visualizations,2026-08-11T11:40:25,Multi Layer Venn Diagram is visualization for the possible logical relations.,https://datastudio.google.com/open/bbded460-eeaf-46c3-ab9b-db862b1034fc,skipped_embed_access_disabled,
3,Violin plot,Looker Studio,Michael Hodge,http://github.com/mshodge,https://datastudio.google.com/reporting/4f46b3a4-3a94-4572-a246-78bb5933abbf/page/N9GUB,,https://datastudio.google.com/reporting/4f46b3a4-3a94-4572-a246-78bb5933abbf/thumbnail?sz=w320-h240-p-k-nu,,Community Visualizations,curated,unverified,review,970000,https://datastudio.google.com/gallery?category=visualization,Community Visualizations,2026-08-11T11:40:49,Violin plots using D3,https://datastudio.google.com/open/4f46b3a4-3a94-4572-a246-78bb5933abbf,skipped_embed_access_disabled,
9,Histogram Community Visualization,Looker Studio,Supermetrics,https://supermetrics.com/,https://datastudio.google.com/reporting/19_gXdgrqtKBxoR39ndZno7T-uIrP_5Nd/page/FmN2,,https://datastudio.google.com/reporting/19_gXdgrqtKBxoR39ndZno7T-uIrP_5Nd/thumbnail?sz=w320-h240-p-k-nu,,Community Visualizations,curated,unverified,review,910000,https://datastudio.google.com/gallery?category=visualization,Community Visualizations,2026-08-11T11:42:02,"Want to see how your campaigns or conversion rates are distributed and spot outliers? Just pick a metric, like conversion rate, and split it by a dimension, like date, and plot it in a histogram.",https://datastudio.google.com/open/19_gXdgrqtKBxoR39ndZno7T-uIrP_5Nd,skipped_embed_access_disabled,
12,Top News Stories of 2019 in Google Search,Looker Studio,Marc Soares,http://www.marcsoares.ca/,https://datastudio.google.com/reporting/57618c5b-07ab-48fa-8fc2-07a8d2076f89/page/xUCAB,,https://datastudio.google.com/reporting/57618c5b-07ab-48fa-8fc2-07a8d2076f89/thumbnail?sz=w320-h240-p-k-nu,,Community Visualizations,curated,unverified,review,880000,https://datastudio.google.com/gallery?category=visualization,Community Visualizations,2026-08-11T11:42:39,Visualizing peaks in search interest for the top news stories of 2019.,https://datastudio.google.com/open/57618c5b-07ab-48fa-8fc2-07a8d2076f89,skipped_embed_access_disabled,
13,Waterfall Visualization,Looker Studio,Google,https://datastudio.google.com/,https://datastudio.google.com/reporting/2877bf33-d714-406c-b49e-0c90c11092b5/page/0ax8,,https://datastudio.google.com/reporting/2877bf33-d714-406c-b49e-0c90c11092b5/thumbnail?sz=w320-h240-p-k-nu,,Community Visualizations,curated,unverified,review,870000,https://datastudio.google.com/gallery?category=visualization,Community Visualizations,2026-08-11T11:42:51,A waterfall chart. Shows how values add or subtract from a starting value.,https://datastudio.google.com/open/2877bf33-d714-406c-b49e-0c90c11092b5,skipped_embed_access_disabled,
14,Candlestick Visualization,Looker Studio,Google,https://datastudio.google.com/,https://datastudio.google.com/reporting/d905c2e2-da7e-43ad-97ea-ddcce15f1540/page/Fcx8,,https://datastudio.google.com/reporting/d905c2e2-da7e-43ad-97ea-ddcce15f1540/thumbnail?sz=w320-h240-p-k-nu,,Community Visualizations,curated,unverified,review,860000,https://datastudio.google.com/gallery?category=visualization,Community Visualizations,2026-08-11T11:43:03,A candlestick chart. Shows an opening and closing value with a total variance.,https://datastudio.google.com/open/d905c2e2-da7e-43ad-97ea-ddcce15f1540,skipped_embed_access_disabled,
15,Funnel Visualization Using Just Metrics,Looker Studio,PowerMyAnalytics,https://www.powermyanalytics.com/,https://datastudio.google.com/reporting/1Iv4MphSjGXrHrBuQY65Zp6eAJHFvrgEZ/page/fnv3,,https://datastudio.google.com/reporting/1Iv4MphSjGXrHrBuQY65Zp6eAJHFvrgEZ/thumbnail?sz=w320-h240-p-k-nu,,Community Visualizations,curated,unverified,review,850000,https://datastudio.google.com/gallery?category=visualization,Community Visualizations,2026-08-11T11:43:15,A basic funnel that visualizes the percent drop-off between a set of metrics.,https://datastudio.google.com/open/1Iv4MphSjGXrHrBuQY65Zp6eAJHFvrgEZ,skipped_embed_access_disabled,
16,Chord Diagram – Email Interactions,Looker Studio,Email Meter,https://emailmeter.com/?utm_source=marketing&utm_medium=datastudio&utm_campaign=comviz_gallery,https://datastudio.google.com/reporting/19V-Ek7NWSJZpki4EqeJ0vqg7zwqaGLPZ/page/1Q09,,https://datastudio.google.com/reporting/19V-Ek7NWSJZpki4EqeJ0vqg7zwqaGLPZ/thumbnail?sz=w320-h240-p-k-nu,,Community Visualizations,curated,unverified,review,840000,https://datastudio.google.com/gallery?category=visualization,Community Visualizations,2026-08-11T11:43:27,"Visualizing email interactions with a Chord Diagram, a great way to display any kind of relationship between dimensions.",https://datastudio.google.com/open/19V-Ek7NWSJZpki4EqeJ0vqg7zwqaGLPZ,skipped_embed_access_disabled,
17,Supermetrics Custom Visualization Package,Looker Studio,Supermetrics,https://supermetrics.com/,https://datastudio.google.com/reporting/1_zdV7RiWNR3BPEc0xhVFFFsFYppEFw3s/page/YjI4,,https://datastudio.google.com/reporting/1_zdV7RiWNR3BPEc0xhVFFFsFYppEFw3s/thumbnail?sz=w320-h240-p-k-nu,,Community Visualizations,curated,unverified,review,830000,https://datastudio.google.com/gallery?category=visualization,Community Visualizations,2026-08-11T11:43:39,Supermetrics Community Visualizations package.,https://datastudio.google.com/open/1_zdV7RiWNR3BPEc0xhVFFFsFYppEFw3s,skipped_embed_access_disabled,
18,Star Rating Visualization,Looker Studio,Amanda Schroeder,https://www.bounteous.com/,https://datastudio.google.com/reporting/1qQcyuAIwI45Hv-mszKFBokrmoQFb9xJZ/page/LS04,,https://datastudio.google.com/reporting/1qQcyuAIwI45Hv-mszKFBokrmoQFb9xJZ/thumbnail?sz=w320-h240-p-k-nu,,Community Visualizations,curated,unverified,review,820000,https://datastudio.google.com/gallery?category=visualization,Community Visualizations,2026-08-11T11:43:51,"Star rating chart for products, content, etc.",https://datastudio.google.com/open/1qQcyuAIwI45Hv-mszKFBokrmoQFb9xJZ,skipped_embed_access_disabled,
20,Gauge,Looker Studio,Google,https://datastudio.google.com/,https://datastudio.google.com/reporting/4a94b983-b46f-4b5c-8592-c686fe6b20bf/page/ZKD2,,https://datastudio.google.com/reporting/4a94b983-b46f-4b5c-8592-c686fe6b20bf/thumbnail?sz=w320-h240-p-k-nu,,Community Visualizations,curated,unverified,review,800000,https://datastudio.google.com/gallery?category=visualization,Community Visualizations,2026-08-11T11:44:16,A gauge with a dial. Rendered using Google Charts.,https://datastudio.google.com/open/4a94b983-b46f-4b5c-8592-c686fe6b20bf,skipped_embed_access_disabled,
21,Custom Viz: Highcharts JS and CSS,Looker Studio,CompassRed,https://www.compassred.com/,https://datastudio.google.com/reporting/a45548c7-abdb-4587-aeaa-9af58ae241d5/page/vnh5,,https://datastudio.google.com/reporting/a45548c7-abdb-4587-aeaa-9af58ae241d5/thumbnail?sz=w320-h240-p-k-nu,,Community Visualizations,curated,unverified,review,790000,https://datastudio.google.com/gallery?category=visualization,Community Visualizations,2026-08-11T11:44:28,Proof of concept custom visualization report exploring an external JS library (Highcharts) component and custom CSS text elements.,https://datastudio.google.com/open/a45548c7-abdb-4587-aeaa-9af58ae241d5,skipped_embed_system_error,
23,Hot Shots: The Top Shooters in the NHL,Looker Studio,Marc Soares,http://www.marcsoares.ca/,https://datastudio.google.com/reporting/5727d468-290f-4b00-b73d-9f88f036e3a7/page/RXkp,,https://datastudio.google.com/reporting/5727d468-290f-4b00-b73d-9f88f036e3a7/thumbnail?sz=w320-h240-p-k-nu,,Community Visualizations,curated,unverified,review,770000,https://datastudio.google.com/gallery?category=visualization,Community Visualizations,2026-08-11T11:44:53,Mapping the most frequent shooting positions for the NHL's top shooters.,https://datastudio.google.com/open/5727d468-290f-4b00-b73d-9f88f036e3a7,skipped_embed_access_disabled,
25,Sunburst Chart,Looker Studio,Yulan Lin,https://twitter.com/y3l2n,https://datastudio.google.com/reporting/1rqtvy5I1GjeJNkSxSDKvZfTukzto9PtI/page/MM13,,https://datastudio.google.com/reporting/1rqtvy5I1GjeJNkSxSDKvZfTukzto9PtI/thumbnail?sz=w320-h240-p-k-nu,,Community Visualizations,curated,unverified,review,750000,https://datastudio.google.com/gallery?category=visualization,Community Visualizations,2026-08-11T11:45:18,A sunburst visualization built with D3.js,https://datastudio.google.com/open/1rqtvy5I1GjeJNkSxSDKvZfTukzto9PtI,skipped_embed_access_disabled,
26,Heatmap Chart,Looker Studio,Yulan Lin,https://twitter.com/y3l2n,https://datastudio.google.com/reporting/1rvY8wWp3uhlj6daGi_Y2XXvuf7bBcjsi/page/gP13,,https://datastudio.google.com/reporting/1rvY8wWp3uhlj6daGi_Y2XXvuf7bBcjsi/thumbnail?sz=w320-h240-p-k-nu,,Community Visualizations,curated,unverified,review,740000,https://datastudio.google.com/gallery?category=visualization,Community Visualizations,2026-08-11T11:45:31,A heatmap chart with chart interactions,https://datastudio.google.com/open/1rvY8wWp3uhlj6daGi_Y2XXvuf7bBcjsi,skipped_embed_access_disabled,
27,Sankey Diagram,Looker Studio,Yulan Lin,https://twitter.com/y3l2n,https://datastudio.google.com/reporting/1hdqhp5dK31BcFInZzmaQOEQdVB54D4gz/page/j9DU,,https://datastudio.google.com/reporting/1hdqhp5dK31BcFInZzmaQOEQdVB54D4gz/thumbnail?sz=w320-h240-p-k-nu,,Community Visualizations,curated,unverified,review,730000,https://datastudio.google.com/gallery?category=visualization,Community Visualizations,2026-08-11T11:45:43,A sankey diagram built with D3.js,https://datastudio.google.com/open/1hdqhp5dK31BcFInZzmaQOEQdVB54D4gz,skipped_embed_access_disabled,
28,Hexbin Map,Looker Studio,Ralph Spandl — r42,https://twitter.com/ralph_spandl,https://datastudio.google.com/reporting/09fd83d4-4e99-41bb-853a-30e720a716dc/page/cY2z,,https://datastudio.google.com/reporting/09fd83d4-4e99-41bb-853a-30e720a716dc/thumbnail?sz=w320-h240-p-k-nu,,Community Visualizations,curated,unverified,review,720000,https://datastudio.google.com/gallery?category=visualization,Community Visualizations,2026-08-11T11:45:55,Data Studio chart which creates maps with hexagons for over 200 countries,https://datastudio.google.com/open/09fd83d4-4e99-41bb-853a-30e720a716dc,skipped_embed_access_disabled,
29,Timeplot,Looker Studio,Ralph Spandl — r42,https://twitter.com/ralph_spandl,https://datastudio.google.com/reporting/1l-t02IpP-hx0mEVNSbqTLL8wCSTZG5Lf/page/mNHw,,https://datastudio.google.com/reporting/1l-t02IpP-hx0mEVNSbqTLL8wCSTZG5Lf/thumbnail?sz=w320-h240-p-k-nu,,Community Visualizations,curated,unverified,review,710000,https://datastudio.google.com/gallery?category=visualization,Community Visualizations,2026-08-11T11:46:07,Scatterplot with timeline as x-axis,https://datastudio.google.com/open/1l-t02IpP-hx0mEVNSbqTLL8wCSTZG5Lf,skipped_embed_access_disabled,
30,Sunburst Visualization with drill-down,Looker Studio,Ralph Spandl — r42,https://twitter.com/ralph_spandl,https://datastudio.google.com/reporting/1p06tzmnFLNbY92hC2HjYWmjPRmpBI-gK/page/uoylB,,https://datastudio.google.com/reporting/1p06tzmnFLNbY92hC2HjYWmjPRmpBI-gK/thumbnail?sz=w320-h240-p-k-nu,,Community Visualizations,curated,unverified,review,700000,https://datastudio.google.com/gallery?category=visualization,Community Visualizations,2026-08-11T11:46:19,Sunburst Visualization with drill-down,https://datastudio.google.com/open/1p06tzmnFLNbY92hC2HjYWmjPRmpBI-gK,skipped_embed_access_disabled,
31,Animated Bar Chart,Looker Studio,Michael Whitaker,https://www.michaelwhitaker.com/about.html,https://datastudio.google.com/reporting/1bV_L9veuWx8KZgVCxRsUCODGa4tKbHSE/page/jOly,,https://datastudio.google.com/reporting/1bV_L9veuWx8KZgVCxRsUCODGa4tKbHSE/thumbnail?sz=w320-h240-p-k-nu,,Community Visualizations,curated,unverified,review,690000,https://datastudio.google.com/gallery?category=visualization,Community Visualizations,2026-08-11T11:46:31,Visualize and animate your top data points over time,https://datastudio.google.com/open/1bV_L9veuWx8KZgVCxRsUCODGa4tKbHSE,skipped_embed_access_disabled,
